{"cameraMode":{"drawMode":0,"name":"Shaded","section":"Shading Mode"},"sceneLighting":true,"audioPlay":false,"sceneViewState":{"m_AlwaysRefresh":false,"showFog":true,"showSkybox":false,"showFlares":true,"showImageEffects":true,"showParticleSystems":true,"showVisualEffectGraphs":true,"m_FxEnabled":true},"in2DMode":false,"pivot":{"x":5.7984771728515629,"y":-0.6638650894165039,"z":-1.4873340129852296},"rotation":{"x":0.027433134615421296,"y":0.8168323040008545,"z":-0.037924282252788547,"w":0.5753042101860046},"size":4.122281074523926,"orthographic":false}