{"cameraMode":{"drawMode":0,"name":"Shaded","section":"Shading Mode"},"sceneLighting":false,"audioPlay":false,"sceneViewState":{"m_AlwaysRefresh":false,"showFog":true,"showSkybox":false,"showFlares":true,"showImageEffects":true,"showParticleSystems":true,"showVisualEffectGraphs":true,"m_FxEnabled":true},"in2DMode":false,"pivot":{"x":1.1797209978103638,"y":2.0347421169281008,"z":-0.0069608972407877449},"rotation":{"x":-0.12224631011486054,"y":0.8117383122444153,"z":-0.18349012732505799,"w":-0.540803074836731},"size":0.7309727072715759,"orthographic":false}